Team,Div
Amherst JV,Girls
Amherst V,Girls
Arlington,Girls
Beacon,Girls
Burlington + Montpelier,Girls
Cumberland,Girls
Forest City & Cape Elizabeth,Girls
Four Rivers,Girls
Lincoln-Sudbury,Girls
Needham A,Girls
Newton North,Girls
NMH,Girls
Northampton JV,Girls
Northampton V,Girls
Sharon,Girls
Titane,Girls
Wicked East,Girls
Wicked West,Girls
Winchester,Girls
Acton-Boxborough,Boys B
ARHS JVA,Boys B
ARHS JVB,Boys B
Arsenic,Boys B
Beacon,Boys B
Blaze,Boys B
Burlington,Boys B
Columbia JVA,Boys B
Falmouth,Boys B
Harvard,Boys B
Lexington JV,Boys B
Lincoln-Sudbury,Boys B
Montpelier V,Boys B
Monument Mountain,Boys B
Needham B,Boys B
Northampton JV,Boys B
PULL,Boys B
Scarsdale,Boys B
Scorch,Boys B
St. John's Prep,Boys B
Winchester,Boys B
ARHS V,Boys A
Arlington,Boys A
Brooklyn Tech,Boys A
Cape Elizabeth,Boys A
Concord-Carlisle,Boys A
Forest City,Boys A
Ignite,Boys A
Lexington V,Boys A
Masconomet,Boys A
Middletown,Boys A
Montclair,Boys A
Needham A,Boys A
Northampton V,Boys A
Sharon,Boys A
Titane,Boys A
Westfield,Boys A